series_id,last_ts,horizon_step,prediction
DE|EUR|final_value_fee|revenue|hourly,2024-01-16 09:00:00+00:00,1,64.46235656738281
DE|EUR|final_value_fee|revenue|hourly,2024-01-16 09:00:00+00:00,2,56.718299865722656
DE|EUR|final_value_fee|revenue|hourly,2024-01-16 09:00:00+00:00,3,65.38761901855469
DE|EUR|final_value_fee|revenue|hourly,2024-01-16 09:00:00+00:00,4,63.873268127441406
DE|EUR|final_value_fee|revenue|hourly,2024-01-16 09:00:00+00:00,5,60.749263763427734
DE|EUR|final_value_fee|revenue|hourly,2024-01-16 09:00:00+00:00,6,65.56690216064453
DE|EUR|final_value_fee|revenue|hourly,2024-01-16 09:00:00+00:00,7,59.531158447265625
DE|EUR|final_value_fee|revenue|hourly,2024-01-16 09:00:00+00:00,8,60.4273681640625
DE|EUR|final_value_fee|revenue|hourly,2024-01-16 09:00:00+00:00,9,66.18806457519531
DE|EUR|final_value_fee|revenue|hourly,2024-01-16 09:00:00+00:00,10,57.75834274291992
DE|EUR|final_value_fee|revenue|hourly,2024-01-16 09:00:00+00:00,11,60.03441619873047
DE|EUR|final_value_fee|revenue|hourly,2024-01-16 09:00:00+00:00,12,58.15153884887695
DE|EUR|final_value_fee|revenue|hourly,2024-01-16 09:00:00+00:00,13,62.844444274902344
DE|EUR|final_value_fee|revenue|hourly,2024-01-16 09:00:00+00:00,14,61.77225875854492
DE|EUR|final_value_fee|revenue|hourly,2024-01-16 09:00:00+00:00,15,61.90388488769531
DE|EUR|final_value_fee|revenue|hourly,2024-01-16 09:00:00+00:00,16,59.70419692993164
DE|EUR|final_value_fee|revenue|hourly,2024-01-16 09:00:00+00:00,17,61.188968658447266
DE|EUR|final_value_fee|revenue|hourly,2024-01-16 09:00:00+00:00,18,57.00450134277344
DE|EUR|final_value_fee|revenue|hourly,2024-01-16 09:00:00+00:00,19,61.86442947387695
DE|EUR|final_value_fee|revenue|hourly,2024-01-16 09:00:00+00:00,20,61.06483840942383
DE|EUR|final_value_fee|revenue|hourly,2024-01-16 09:00:00+00:00,21,60.441715240478516
DE|EUR|final_value_fee|revenue|hourly,2024-01-16 09:00:00+00:00,22,59.93254852294922
DE|EUR|final_value_fee|revenue|hourly,2024-01-16 09:00:00+00:00,23,59.6724967956543
DE|EUR|final_value_fee|revenue|hourly,2024-01-16 09:00:00+00:00,24,64.67752075195312
DE|EUR|listing_fee|revenue|hourly,2024-01-16 09:00:00+00:00,1,2.609022378921509
DE|EUR|listing_fee|revenue|hourly,2024-01-16 09:00:00+00:00,2,2.323288917541504
DE|EUR|listing_fee|revenue|hourly,2024-01-16 09:00:00+00:00,3,2.7240118980407715
DE|EUR|listing_fee|revenue|hourly,2024-01-16 09:00:00+00:00,4,2.394052267074585
DE|EUR|listing_fee|revenue|hourly,2024-01-16 09:00:00+00:00,5,2.557337760925293
DE|EUR|listing_fee|revenue|hourly,2024-01-16 09:00:00+00:00,6,2.913024663925171
DE|EUR|listing_fee|revenue|hourly,2024-01-16 09:00:00+00:00,7,2.436720371246338
DE|EUR|listing_fee|revenue|hourly,2024-01-16 09:00:00+00:00,8,2.387317657470703
DE|EUR|listing_fee|revenue|hourly,2024-01-16 09:00:00+00:00,9,2.534947156906128
DE|EUR|listing_fee|revenue|hourly,2024-01-16 09:00:00+00:00,10,2.3827521800994873
DE|EUR|listing_fee|revenue|hourly,2024-01-16 09:00:00+00:00,11,2.5477521419525146
DE|EUR|listing_fee|revenue|hourly,2024-01-16 09:00:00+00:00,12,2.674880027770996
DE|EUR|listing_fee|revenue|hourly,2024-01-16 09:00:00+00:00,13,2.699014663696289
DE|EUR|listing_fee|revenue|hourly,2024-01-16 09:00:00+00:00,14,2.6585371494293213
DE|EUR|listing_fee|revenue|hourly,2024-01-16 09:00:00+00:00,15,2.705018997192383
DE|EUR|listing_fee|revenue|hourly,2024-01-16 09:00:00+00:00,16,2.238818407058716
DE|EUR|listing_fee|revenue|hourly,2024-01-16 09:00:00+00:00,17,2.470440149307251
DE|EUR|listing_fee|revenue|hourly,2024-01-16 09:00:00+00:00,18,2.6613030433654785
DE|EUR|listing_fee|revenue|hourly,2024-01-16 09:00:00+00:00,19,2.4314630031585693
DE|EUR|listing_fee|revenue|hourly,2024-01-16 09:00:00+00:00,20,2.61073637008667
DE|EUR|listing_fee|revenue|hourly,2024-01-16 09:00:00+00:00,21,2.7937514781951904
DE|EUR|listing_fee|revenue|hourly,2024-01-16 09:00:00+00:00,22,2.613304853439331
DE|EUR|listing_fee|revenue|hourly,2024-01-16 09:00:00+00:00,23,2.474277973175049
DE|EUR|listing_fee|revenue|hourly,2024-01-16 09:00:00+00:00,24,2.7131059169769287
DE|EUR|payment_processing_fee|revenue|hourly,2024-01-16 09:00:00+00:00,1,10.616507530212402
DE|EUR|payment_processing_fee|revenue|hourly,2024-01-16 09:00:00+00:00,2,9.298973083496094
DE|EUR|payment_processing_fee|revenue|hourly,2024-01-16 09:00:00+00:00,3,10.70608139038086
DE|EUR|payment_processing_fee|revenue|hourly,2024-01-16 09:00:00+00:00,4,10.127758026123047
DE|EUR|payment_processing_fee|revenue|hourly,2024-01-16 09:00:00+00:00,5,9.901156425476074
DE|EUR|payment_processing_fee|revenue|hourly,2024-01-16 09:00:00+00:00,6,10.890192031860352
DE|EUR|payment_processing_fee|revenue|hourly,2024-01-16 09:00:00+00:00,7,9.67908763885498
DE|EUR|payment_processing_fee|revenue|hourly,2024-01-16 09:00:00+00:00,8,9.767109870910645
DE|EUR|payment_processing_fee|revenue|hourly,2024-01-16 09:00:00+00:00,9,10.649295806884766
DE|EUR|payment_processing_fee|revenue|hourly,2024-01-16 09:00:00+00:00,10,9.260507583618164
DE|EUR|payment_processing_fee|revenue|hourly,2024-01-16 09:00:00+00:00,11,9.860334396362305
DE|EUR|payment_processing_fee|revenue|hourly,2024-01-16 09:00:00+00:00,12,9.786561965942383
DE|EUR|payment_processing_fee|revenue|hourly,2024-01-16 09:00:00+00:00,13,10.337723731994629
DE|EUR|payment_processing_fee|revenue|hourly,2024-01-16 09:00:00+00:00,14,10.073620796203613
DE|EUR|payment_processing_fee|revenue|hourly,2024-01-16 09:00:00+00:00,15,10.205049514770508
DE|EUR|payment_processing_fee|revenue|hourly,2024-01-16 09:00:00+00:00,16,9.649086952209473
DE|EUR|payment_processing_fee|revenue|hourly,2024-01-16 09:00:00+00:00,17,9.804802894592285
DE|EUR|payment_processing_fee|revenue|hourly,2024-01-16 09:00:00+00:00,18,9.752400398254395
DE|EUR|payment_processing_fee|revenue|hourly,2024-01-16 09:00:00+00:00,19,10.044217109680176
DE|EUR|payment_processing_fee|revenue|hourly,2024-01-16 09:00:00+00:00,20,9.984899520874023
DE|EUR|payment_processing_fee|revenue|hourly,2024-01-16 09:00:00+00:00,21,10.152999877929688
DE|EUR|payment_processing_fee|revenue|hourly,2024-01-16 09:00:00+00:00,22,9.691927909851074
DE|EUR|payment_processing_fee|revenue|hourly,2024-01-16 09:00:00+00:00,23,9.71828842163086
DE|EUR|payment_processing_fee|revenue|hourly,2024-01-16 09:00:00+00:00,24,10.473146438598633
DE|GBP|final_value_fee|revenue|hourly,2024-01-16 09:00:00+00:00,1,69.99044799804688
DE|GBP|final_value_fee|revenue|hourly,2024-01-16 09:00:00+00:00,2,60.464195251464844
DE|GBP|final_value_fee|revenue|hourly,2024-01-16 09:00:00+00:00,3,69.71633911132812
DE|GBP|final_value_fee|revenue|hourly,2024-01-16 09:00:00+00:00,4,67.79866027832031
DE|GBP|final_value_fee|revenue|hourly,2024-01-16 09:00:00+00:00,5,64.09956359863281
DE|GBP|final_value_fee|revenue|hourly,2024-01-16 09:00:00+00:00,6,69.71341705322266
DE|GBP|final_value_fee|revenue|hourly,2024-01-16 09:00:00+00:00,7,62.930992126464844
DE|GBP|final_value_fee|revenue|hourly,2024-01-16 09:00:00+00:00,8,65.4699935913086
DE|GBP|final_value_fee|revenue|hourly,2024-01-16 09:00:00+00:00,9,70.48148345947266
DE|GBP|final_value_fee|revenue|hourly,2024-01-16 09:00:00+00:00,10,61.5107307434082
DE|GBP|final_value_fee|revenue|hourly,2024-01-16 09:00:00+00:00,11,64.02254486083984
DE|GBP|final_value_fee|revenue|hourly,2024-01-16 09:00:00+00:00,12,62.467010498046875
DE|GBP|final_value_fee|revenue|hourly,2024-01-16 09:00:00+00:00,13,66.49462127685547
DE|GBP|final_value_fee|revenue|hourly,2024-01-16 09:00:00+00:00,14,66.11328887939453
DE|GBP|final_value_fee|revenue|hourly,2024-01-16 09:00:00+00:00,15,65.86396789550781
DE|GBP|final_value_fee|revenue|hourly,2024-01-16 09:00:00+00:00,16,64.43415069580078
DE|GBP|final_value_fee|revenue|hourly,2024-01-16 09:00:00+00:00,17,65.00122833251953
DE|GBP|final_value_fee|revenue|hourly,2024-01-16 09:00:00+00:00,18,61.864479064941406
DE|GBP|final_value_fee|revenue|hourly,2024-01-16 09:00:00+00:00,19,66.06201171875
DE|GBP|final_value_fee|revenue|hourly,2024-01-16 09:00:00+00:00,20,64.71007537841797
DE|GBP|final_value_fee|revenue|hourly,2024-01-16 09:00:00+00:00,21,64.6500015258789
DE|GBP|final_value_fee|revenue|hourly,2024-01-16 09:00:00+00:00,22,62.692710876464844
DE|GBP|final_value_fee|revenue|hourly,2024-01-16 09:00:00+00:00,23,63.61074447631836
DE|GBP|final_value_fee|revenue|hourly,2024-01-16 09:00:00+00:00,24,68.56159973144531
DE|GBP|listing_fee|revenue|hourly,2024-01-16 09:00:00+00:00,1,3.9939894676208496
DE|GBP|listing_fee|revenue|hourly,2024-01-16 09:00:00+00:00,2,3.5836119651794434
DE|GBP|listing_fee|revenue|hourly,2024-01-16 09:00:00+00:00,3,4.218757629394531
DE|GBP|listing_fee|revenue|hourly,2024-01-16 09:00:00+00:00,4,3.8855626583099365
DE|GBP|listing_fee|revenue|hourly,2024-01-16 09:00:00+00:00,5,3.9026639461517334
DE|GBP|listing_fee|revenue|hourly,2024-01-16 09:00:00+00:00,6,4.4216485023498535
DE|GBP|listing_fee|revenue|hourly,2024-01-16 09:00:00+00:00,7,3.8171772956848145
DE|GBP|listing_fee|revenue|hourly,2024-01-16 09:00:00+00:00,8,3.7167770862579346
DE|GBP|listing_fee|revenue|hourly,2024-01-16 09:00:00+00:00,9,4.019895553588867
DE|GBP|listing_fee|revenue|hourly,2024-01-16 09:00:00+00:00,10,3.645885467529297
DE|GBP|listing_fee|revenue|hourly,2024-01-16 09:00:00+00:00,11,3.94193434715271
DE|GBP|listing_fee|revenue|hourly,2024-01-16 09:00:00+00:00,12,3.941620349884033
DE|GBP|listing_fee|revenue|hourly,2024-01-16 09:00:00+00:00,13,4.092014312744141
DE|GBP|listing_fee|revenue|hourly,2024-01-16 09:00:00+00:00,14,4.077849388122559
DE|GBP|listing_fee|revenue|hourly,2024-01-16 09:00:00+00:00,15,4.0790863037109375
DE|GBP|listing_fee|revenue|hourly,2024-01-16 09:00:00+00:00,16,3.5284488201141357
DE|GBP|listing_fee|revenue|hourly,2024-01-16 09:00:00+00:00,17,3.87265944480896
DE|GBP|listing_fee|revenue|hourly,2024-01-16 09:00:00+00:00,18,3.8790574073791504
DE|GBP|listing_fee|revenue|hourly,2024-01-16 09:00:00+00:00,19,3.829700231552124
DE|GBP|listing_fee|revenue|hourly,2024-01-16 09:00:00+00:00,20,4.0509033203125
DE|GBP|listing_fee|revenue|hourly,2024-01-16 09:00:00+00:00,21,4.156503677368164
DE|GBP|listing_fee|revenue|hourly,2024-01-16 09:00:00+00:00,22,3.993199110031128
DE|GBP|listing_fee|revenue|hourly,2024-01-16 09:00:00+00:00,23,3.782930612564087
DE|GBP|listing_fee|revenue|hourly,2024-01-16 09:00:00+00:00,24,4.12042760848999
DE|GBP|payment_processing_fee|revenue|hourly,2024-01-16 09:00:00+00:00,1,14.934610366821289
DE|GBP|payment_processing_fee|revenue|hourly,2024-01-16 09:00:00+00:00,2,13.040637016296387
DE|GBP|payment_processing_fee|revenue|hourly,2024-01-16 09:00:00+00:00,3,15.157588005065918
DE|GBP|payment_processing_fee|revenue|hourly,2024-01-16 09:00:00+00:00,4,14.46078109741211
DE|GBP|payment_processing_fee|revenue|hourly,2024-01-16 09:00:00+00:00,5,14.084360122680664
DE|GBP|payment_processing_fee|revenue|hourly,2024-01-16 09:00:00+00:00,6,15.317258834838867
DE|GBP|payment_processing_fee|revenue|hourly,2024-01-16 09:00:00+00:00,7,13.631778717041016
DE|GBP|payment_processing_fee|revenue|hourly,2024-01-16 09:00:00+00:00,8,14.008034706115723
DE|GBP|payment_processing_fee|revenue|hourly,2024-01-16 09:00:00+00:00,9,15.14502239227295
DE|GBP|payment_processing_fee|revenue|hourly,2024-01-16 09:00:00+00:00,10,13.253826141357422
DE|GBP|payment_processing_fee|revenue|hourly,2024-01-16 09:00:00+00:00,11,13.843384742736816
DE|GBP|payment_processing_fee|revenue|hourly,2024-01-16 09:00:00+00:00,12,13.740933418273926
DE|GBP|payment_processing_fee|revenue|hourly,2024-01-16 09:00:00+00:00,13,14.590635299682617
DE|GBP|payment_processing_fee|revenue|hourly,2024-01-16 09:00:00+00:00,14,14.316004753112793
DE|GBP|payment_processing_fee|revenue|hourly,2024-01-16 09:00:00+00:00,15,14.458051681518555
DE|GBP|payment_processing_fee|revenue|hourly,2024-01-16 09:00:00+00:00,16,13.596219062805176
DE|GBP|payment_processing_fee|revenue|hourly,2024-01-16 09:00:00+00:00,17,14.044873237609863
DE|GBP|payment_processing_fee|revenue|hourly,2024-01-16 09:00:00+00:00,18,13.563199996948242
DE|GBP|payment_processing_fee|revenue|hourly,2024-01-16 09:00:00+00:00,19,14.247346878051758
DE|GBP|payment_processing_fee|revenue|hourly,2024-01-16 09:00:00+00:00,20,14.125296592712402
DE|GBP|payment_processing_fee|revenue|hourly,2024-01-16 09:00:00+00:00,21,14.253582000732422
DE|GBP|payment_processing_fee|revenue|hourly,2024-01-16 09:00:00+00:00,22,13.848313331604004
DE|GBP|payment_processing_fee|revenue|hourly,2024-01-16 09:00:00+00:00,23,13.854325294494629
DE|GBP|payment_processing_fee|revenue|hourly,2024-01-16 09:00:00+00:00,24,14.987943649291992
DE|USD|final_value_fee|revenue|hourly,2024-01-16 09:00:00+00:00,1,60.39176559448242
DE|USD|final_value_fee|revenue|hourly,2024-01-16 09:00:00+00:00,2,52.66130828857422
DE|USD|final_value_fee|revenue|hourly,2024-01-16 09:00:00+00:00,3,61.08173751831055
DE|USD|final_value_fee|revenue|hourly,2024-01-16 09:00:00+00:00,4,59.414886474609375
DE|USD|final_value_fee|revenue|hourly,2024-01-16 09:00:00+00:00,5,56.64424514770508
DE|USD|final_value_fee|revenue|hourly,2024-01-16 09:00:00+00:00,6,61.142032623291016
DE|USD|final_value_fee|revenue|hourly,2024-01-16 09:00:00+00:00,7,55.296573638916016
DE|USD|final_value_fee|revenue|hourly,2024-01-16 09:00:00+00:00,8,56.44288635253906
DE|USD|final_value_fee|revenue|hourly,2024-01-16 09:00:00+00:00,9,61.67189407348633
DE|USD|final_value_fee|revenue|hourly,2024-01-16 09:00:00+00:00,10,53.67327117919922
DE|USD|final_value_fee|revenue|hourly,2024-01-16 09:00:00+00:00,11,55.853092193603516
DE|USD|final_value_fee|revenue|hourly,2024-01-16 09:00:00+00:00,12,54.344356536865234
DE|USD|final_value_fee|revenue|hourly,2024-01-16 09:00:00+00:00,13,58.45633316040039
DE|USD|final_value_fee|revenue|hourly,2024-01-16 09:00:00+00:00,14,57.50114059448242
DE|USD|final_value_fee|revenue|hourly,2024-01-16 09:00:00+00:00,15,57.62409973144531
DE|USD|final_value_fee|revenue|hourly,2024-01-16 09:00:00+00:00,16,55.728118896484375
DE|USD|final_value_fee|revenue|hourly,2024-01-16 09:00:00+00:00,17,56.857994079589844
DE|USD|final_value_fee|revenue|hourly,2024-01-16 09:00:00+00:00,18,53.416385650634766
DE|USD|final_value_fee|revenue|hourly,2024-01-16 09:00:00+00:00,19,57.730926513671875
DE|USD|final_value_fee|revenue|hourly,2024-01-16 09:00:00+00:00,20,56.876861572265625
DE|USD|final_value_fee|revenue|hourly,2024-01-16 09:00:00+00:00,21,56.48722457885742
DE|USD|final_value_fee|revenue|hourly,2024-01-16 09:00:00+00:00,22,55.619903564453125
DE|USD|final_value_fee|revenue|hourly,2024-01-16 09:00:00+00:00,23,55.74557876586914
DE|USD|final_value_fee|revenue|hourly,2024-01-16 09:00:00+00:00,24,60.23794937133789
DE|USD|listing_fee|revenue|hourly,2024-01-16 09:00:00+00:00,1,3.0494580268859863
DE|USD|listing_fee|revenue|hourly,2024-01-16 09:00:00+00:00,2,2.7699532508850098
DE|USD|listing_fee|revenue|hourly,2024-01-16 09:00:00+00:00,3,3.21470308303833
DE|USD|listing_fee|revenue|hourly,2024-01-16 09:00:00+00:00,4,2.9026100635528564
DE|USD|listing_fee|revenue|hourly,2024-01-16 09:00:00+00:00,5,3.0175137519836426
DE|USD|listing_fee|revenue|hourly,2024-01-16 09:00:00+00:00,6,3.4383301734924316
DE|USD|listing_fee|revenue|hourly,2024-01-16 09:00:00+00:00,7,2.9121053218841553
DE|USD|listing_fee|revenue|hourly,2024-01-16 09:00:00+00:00,8,2.803004264831543
DE|USD|listing_fee|revenue|hourly,2024-01-16 09:00:00+00:00,9,3.0328023433685303
DE|USD|listing_fee|revenue|hourly,2024-01-16 09:00:00+00:00,10,2.790034294128418
DE|USD|listing_fee|revenue|hourly,2024-01-16 09:00:00+00:00,11,3.019383668899536
DE|USD|listing_fee|revenue|hourly,2024-01-16 09:00:00+00:00,12,3.0996181964874268
DE|USD|listing_fee|revenue|hourly,2024-01-16 09:00:00+00:00,13,3.18516206741333
DE|USD|listing_fee|revenue|hourly,2024-01-16 09:00:00+00:00,14,3.1326470375061035
DE|USD|listing_fee|revenue|hourly,2024-01-16 09:00:00+00:00,15,3.194580316543579
DE|USD|listing_fee|revenue|hourly,2024-01-16 09:00:00+00:00,16,2.6585254669189453
DE|USD|listing_fee|revenue|hourly,2024-01-16 09:00:00+00:00,17,2.957292318344116
DE|USD|listing_fee|revenue|hourly,2024-01-16 09:00:00+00:00,18,3.0519185066223145
DE|USD|listing_fee|revenue|hourly,2024-01-16 09:00:00+00:00,19,2.902275323867798
DE|USD|listing_fee|revenue|hourly,2024-01-16 09:00:00+00:00,20,3.103898525238037
DE|USD|listing_fee|revenue|hourly,2024-01-16 09:00:00+00:00,21,3.2626328468322754
DE|USD|listing_fee|revenue|hourly,2024-01-16 09:00:00+00:00,22,3.1120123863220215
DE|USD|listing_fee|revenue|hourly,2024-01-16 09:00:00+00:00,23,2.9300150871276855
DE|USD|listing_fee|revenue|hourly,2024-01-16 09:00:00+00:00,24,3.1936137676239014
DE|USD|payment_processing_fee|revenue|hourly,2024-01-16 09:00:00+00:00,1,13.896744728088379
DE|USD|payment_processing_fee|revenue|hourly,2024-01-16 09:00:00+00:00,2,12.170527458190918
DE|USD|payment_processing_fee|revenue|hourly,2024-01-16 09:00:00+00:00,3,14.036733627319336
DE|USD|payment_processing_fee|revenue|hourly,2024-01-16 09:00:00+00:00,4,13.469671249389648
DE|USD|payment_processing_fee|revenue|hourly,2024-01-16 09:00:00+00:00,5,12.992780685424805
DE|USD|payment_processing_fee|revenue|hourly,2024-01-16 09:00:00+00:00,6,14.294685363769531
DE|USD|payment_processing_fee|revenue|hourly,2024-01-16 09:00:00+00:00,7,12.737719535827637
DE|USD|payment_processing_fee|revenue|hourly,2024-01-16 09:00:00+00:00,8,12.988016128540039
DE|USD|payment_processing_fee|revenue|hourly,2024-01-16 09:00:00+00:00,9,13.998781204223633
DE|USD|payment_processing_fee|revenue|hourly,2024-01-16 09:00:00+00:00,10,12.293431282043457
DE|USD|payment_processing_fee|revenue|hourly,2024-01-16 09:00:00+00:00,11,12.979504585266113
DE|USD|payment_processing_fee|revenue|hourly,2024-01-16 09:00:00+00:00,12,12.762887001037598
DE|USD|payment_processing_fee|revenue|hourly,2024-01-16 09:00:00+00:00,13,13.537734031677246
DE|USD|payment_processing_fee|revenue|hourly,2024-01-16 09:00:00+00:00,14,13.372406959533691
DE|USD|payment_processing_fee|revenue|hourly,2024-01-16 09:00:00+00:00,15,13.422636032104492
DE|USD|payment_processing_fee|revenue|hourly,2024-01-16 09:00:00+00:00,16,12.664989471435547
DE|USD|payment_processing_fee|revenue|hourly,2024-01-16 09:00:00+00:00,17,13.040688514709473
DE|USD|payment_processing_fee|revenue|hourly,2024-01-16 09:00:00+00:00,18,12.653721809387207
DE|USD|payment_processing_fee|revenue|hourly,2024-01-16 09:00:00+00:00,19,13.231189727783203
DE|USD|payment_processing_fee|revenue|hourly,2024-01-16 09:00:00+00:00,20,13.161931037902832
DE|USD|payment_processing_fee|revenue|hourly,2024-01-16 09:00:00+00:00,21,13.280787467956543
DE|USD|payment_processing_fee|revenue|hourly,2024-01-16 09:00:00+00:00,22,12.823765754699707
DE|USD|payment_processing_fee|revenue|hourly,2024-01-16 09:00:00+00:00,23,12.762124061584473
DE|USD|payment_processing_fee|revenue|hourly,2024-01-16 09:00:00+00:00,24,13.850930213928223
UK|EUR|final_value_fee|revenue|hourly,2024-01-16 09:00:00+00:00,1,61.26896667480469
UK|EUR|final_value_fee|revenue|hourly,2024-01-16 09:00:00+00:00,2,53.007179260253906
UK|EUR|final_value_fee|revenue|hourly,2024-01-16 09:00:00+00:00,3,61.3349723815918
UK|EUR|final_value_fee|revenue|hourly,2024-01-16 09:00:00+00:00,4,59.93968963623047
UK|EUR|final_value_fee|revenue|hourly,2024-01-16 09:00:00+00:00,5,56.52652359008789
UK|EUR|final_value_fee|revenue|hourly,2024-01-16 09:00:00+00:00,6,61.68325424194336
UK|EUR|final_value_fee|revenue|hourly,2024-01-16 09:00:00+00:00,7,55.57962417602539
UK|EUR|final_value_fee|revenue|hourly,2024-01-16 09:00:00+00:00,8,57.25576400756836
UK|EUR|final_value_fee|revenue|hourly,2024-01-16 09:00:00+00:00,9,61.78730773925781
UK|EUR|final_value_fee|revenue|hourly,2024-01-16 09:00:00+00:00,10,53.991455078125
UK|EUR|final_value_fee|revenue|hourly,2024-01-16 09:00:00+00:00,11,56.514530181884766
UK|EUR|final_value_fee|revenue|hourly,2024-01-16 09:00:00+00:00,12,54.87788009643555
UK|EUR|final_value_fee|revenue|hourly,2024-01-16 09:00:00+00:00,13,58.46489334106445
UK|EUR|final_value_fee|revenue|hourly,2024-01-16 09:00:00+00:00,14,58.332130432128906
UK|EUR|final_value_fee|revenue|hourly,2024-01-16 09:00:00+00:00,15,57.98915100097656
UK|EUR|final_value_fee|revenue|hourly,2024-01-16 09:00:00+00:00,16,56.41341781616211
UK|EUR|final_value_fee|revenue|hourly,2024-01-16 09:00:00+00:00,17,57.27217483520508
UK|EUR|final_value_fee|revenue|hourly,2024-01-16 09:00:00+00:00,18,54.14304733276367
UK|EUR|final_value_fee|revenue|hourly,2024-01-16 09:00:00+00:00,19,58.149375915527344
UK|EUR|final_value_fee|revenue|hourly,2024-01-16 09:00:00+00:00,20,57.29444122314453
UK|EUR|final_value_fee|revenue|hourly,2024-01-16 09:00:00+00:00,21,57.18875503540039
UK|EUR|final_value_fee|revenue|hourly,2024-01-16 09:00:00+00:00,22,55.540306091308594
UK|EUR|final_value_fee|revenue|hourly,2024-01-16 09:00:00+00:00,23,55.876564025878906
UK|EUR|final_value_fee|revenue|hourly,2024-01-16 09:00:00+00:00,24,60.470359802246094
UK|EUR|listing_fee|revenue|hourly,2024-01-16 09:00:00+00:00,1,2.8532936573028564
UK|EUR|listing_fee|revenue|hourly,2024-01-16 09:00:00+00:00,2,2.5645480155944824
UK|EUR|listing_fee|revenue|hourly,2024-01-16 09:00:00+00:00,3,3.1155548095703125
UK|EUR|listing_fee|revenue|hourly,2024-01-16 09:00:00+00:00,4,2.7145769596099854
UK|EUR|listing_fee|revenue|hourly,2024-01-16 09:00:00+00:00,5,2.8224308490753174
UK|EUR|listing_fee|revenue|hourly,2024-01-16 09:00:00+00:00,6,3.195369243621826
UK|EUR|listing_fee|revenue|hourly,2024-01-16 09:00:00+00:00,7,2.7309985160827637
UK|EUR|listing_fee|revenue|hourly,2024-01-16 09:00:00+00:00,8,2.638896942138672
UK|EUR|listing_fee|revenue|hourly,2024-01-16 09:00:00+00:00,9,2.8777663707733154
UK|EUR|listing_fee|revenue|hourly,2024-01-16 09:00:00+00:00,10,2.6053881645202637
UK|EUR|listing_fee|revenue|hourly,2024-01-16 09:00:00+00:00,11,2.8126652240753174
UK|EUR|listing_fee|revenue|hourly,2024-01-16 09:00:00+00:00,12,2.876223087310791
UK|EUR|listing_fee|revenue|hourly,2024-01-16 09:00:00+00:00,13,2.9815051555633545
UK|EUR|listing_fee|revenue|hourly,2024-01-16 09:00:00+00:00,14,2.919909715652466
UK|EUR|listing_fee|revenue|hourly,2024-01-16 09:00:00+00:00,15,2.926849603652954
UK|EUR|listing_fee|revenue|hourly,2024-01-16 09:00:00+00:00,16,2.4638235569000244
UK|EUR|listing_fee|revenue|hourly,2024-01-16 09:00:00+00:00,17,2.7652602195739746
UK|EUR|listing_fee|revenue|hourly,2024-01-16 09:00:00+00:00,18,2.8656888008117676
UK|EUR|listing_fee|revenue|hourly,2024-01-16 09:00:00+00:00,19,2.7064085006713867
UK|EUR|listing_fee|revenue|hourly,2024-01-16 09:00:00+00:00,20,2.9612607955932617
UK|EUR|listing_fee|revenue|hourly,2024-01-16 09:00:00+00:00,21,2.971125602722168
UK|EUR|listing_fee|revenue|hourly,2024-01-16 09:00:00+00:00,22,2.8786017894744873
UK|EUR|listing_fee|revenue|hourly,2024-01-16 09:00:00+00:00,23,2.707091808319092
UK|EUR|listing_fee|revenue|hourly,2024-01-16 09:00:00+00:00,24,2.9940383434295654
UK|EUR|payment_processing_fee|revenue|hourly,2024-01-16 09:00:00+00:00,1,13.6901273727417
UK|EUR|payment_processing_fee|revenue|hourly,2024-01-16 09:00:00+00:00,2,12.029365539550781
UK|EUR|payment_processing_fee|revenue|hourly,2024-01-16 09:00:00+00:00,3,13.794960975646973
UK|EUR|payment_processing_fee|revenue|hourly,2024-01-16 09:00:00+00:00,4,13.304408073425293
UK|EUR|payment_processing_fee|revenue|hourly,2024-01-16 09:00:00+00:00,5,12.927966117858887
UK|EUR|payment_processing_fee|revenue|hourly,2024-01-16 09:00:00+00:00,6,14.068655014038086
UK|EUR|payment_processing_fee|revenue|hourly,2024-01-16 09:00:00+00:00,7,12.538614273071289
UK|EUR|payment_processing_fee|revenue|hourly,2024-01-16 09:00:00+00:00,8,12.904900550842285
UK|EUR|payment_processing_fee|revenue|hourly,2024-01-16 09:00:00+00:00,9,13.86380672454834
UK|EUR|payment_processing_fee|revenue|hourly,2024-01-16 09:00:00+00:00,10,12.303848266601562
UK|EUR|payment_processing_fee|revenue|hourly,2024-01-16 09:00:00+00:00,11,12.74266242980957
UK|EUR|payment_processing_fee|revenue|hourly,2024-01-16 09:00:00+00:00,12,12.581544876098633
UK|EUR|payment_processing_fee|revenue|hourly,2024-01-16 09:00:00+00:00,13,13.386205673217773
UK|EUR|payment_processing_fee|revenue|hourly,2024-01-16 09:00:00+00:00,14,13.361475944519043
UK|EUR|payment_processing_fee|revenue|hourly,2024-01-16 09:00:00+00:00,15,13.28782844543457
UK|EUR|payment_processing_fee|revenue|hourly,2024-01-16 09:00:00+00:00,16,12.588120460510254
UK|EUR|payment_processing_fee|revenue|hourly,2024-01-16 09:00:00+00:00,17,12.934879302978516
UK|EUR|payment_processing_fee|revenue|hourly,2024-01-16 09:00:00+00:00,18,12.445735931396484
UK|EUR|payment_processing_fee|revenue|hourly,2024-01-16 09:00:00+00:00,19,13.065555572509766
UK|EUR|payment_processing_fee|revenue|hourly,2024-01-16 09:00:00+00:00,20,12.899248123168945
UK|EUR|payment_processing_fee|revenue|hourly,2024-01-16 09:00:00+00:00,21,13.16720962524414
UK|EUR|payment_processing_fee|revenue|hourly,2024-01-16 09:00:00+00:00,22,12.816405296325684
UK|EUR|payment_processing_fee|revenue|hourly,2024-01-16 09:00:00+00:00,23,12.700124740600586
UK|EUR|payment_processing_fee|revenue|hourly,2024-01-16 09:00:00+00:00,24,13.711312294006348
UK|GBP|final_value_fee|revenue|hourly,2024-01-16 09:00:00+00:00,1,70.58724212646484
UK|GBP|final_value_fee|revenue|hourly,2024-01-16 09:00:00+00:00,2,61.72462463378906
UK|GBP|final_value_fee|revenue|hourly,2024-01-16 09:00:00+00:00,3,70.69206237792969
UK|GBP|final_value_fee|revenue|hourly,2024-01-16 09:00:00+00:00,4,68.580810546875
UK|GBP|final_value_fee|revenue|hourly,2024-01-16 09:00:00+00:00,5,66.02428436279297
UK|GBP|final_value_fee|revenue|hourly,2024-01-16 09:00:00+00:00,6,70.57427215576172
UK|GBP|final_value_fee|revenue|hourly,2024-01-16 09:00:00+00:00,7,64.06918334960938
UK|GBP|final_value_fee|revenue|hourly,2024-01-16 09:00:00+00:00,8,65.70838165283203
UK|GBP|final_value_fee|revenue|hourly,2024-01-16 09:00:00+00:00,9,71.9682388305664
UK|GBP|final_value_fee|revenue|hourly,2024-01-16 09:00:00+00:00,10,62.615352630615234
UK|GBP|final_value_fee|revenue|hourly,2024-01-16 09:00:00+00:00,11,64.5542984008789
UK|GBP|final_value_fee|revenue|hourly,2024-01-16 09:00:00+00:00,12,63.16234588623047
UK|GBP|final_value_fee|revenue|hourly,2024-01-16 09:00:00+00:00,13,67.95783996582031
UK|GBP|final_value_fee|revenue|hourly,2024-01-16 09:00:00+00:00,14,66.58892059326172
UK|GBP|final_value_fee|revenue|hourly,2024-01-16 09:00:00+00:00,15,66.66928100585938
UK|GBP|final_value_fee|revenue|hourly,2024-01-16 09:00:00+00:00,16,65.55590057373047
UK|GBP|final_value_fee|revenue|hourly,2024-01-16 09:00:00+00:00,17,65.70249938964844
UK|GBP|final_value_fee|revenue|hourly,2024-01-16 09:00:00+00:00,18,62.27623748779297
UK|GBP|final_value_fee|revenue|hourly,2024-01-16 09:00:00+00:00,19,67.15805053710938
UK|GBP|final_value_fee|revenue|hourly,2024-01-16 09:00:00+00:00,20,65.71916961669922
UK|GBP|final_value_fee|revenue|hourly,2024-01-16 09:00:00+00:00,21,65.66954040527344
UK|GBP|final_value_fee|revenue|hourly,2024-01-16 09:00:00+00:00,22,64.17715454101562
UK|GBP|final_value_fee|revenue|hourly,2024-01-16 09:00:00+00:00,23,64.94254302978516
UK|GBP|final_value_fee|revenue|hourly,2024-01-16 09:00:00+00:00,24,69.87920379638672
UK|GBP|listing_fee|revenue|hourly,2024-01-16 09:00:00+00:00,1,2.8877177238464355
UK|GBP|listing_fee|revenue|hourly,2024-01-16 09:00:00+00:00,2,2.6153764724731445
UK|GBP|listing_fee|revenue|hourly,2024-01-16 09:00:00+00:00,3,3.0362792015075684
UK|GBP|listing_fee|revenue|hourly,2024-01-16 09:00:00+00:00,4,2.6898114681243896
UK|GBP|listing_fee|revenue|hourly,2024-01-16 09:00:00+00:00,5,2.835772752761841
UK|GBP|listing_fee|revenue|hourly,2024-01-16 09:00:00+00:00,6,3.228394031524658
UK|GBP|listing_fee|revenue|hourly,2024-01-16 09:00:00+00:00,7,2.735579490661621
UK|GBP|listing_fee|revenue|hourly,2024-01-16 09:00:00+00:00,8,2.61737322807312
UK|GBP|listing_fee|revenue|hourly,2024-01-16 09:00:00+00:00,9,2.83732271194458
UK|GBP|listing_fee|revenue|hourly,2024-01-16 09:00:00+00:00,10,2.587498664855957
UK|GBP|listing_fee|revenue|hourly,2024-01-16 09:00:00+00:00,11,2.829707384109497
UK|GBP|listing_fee|revenue|hourly,2024-01-16 09:00:00+00:00,12,2.9061214923858643
UK|GBP|listing_fee|revenue|hourly,2024-01-16 09:00:00+00:00,13,2.9946610927581787
UK|GBP|listing_fee|revenue|hourly,2024-01-16 09:00:00+00:00,14,2.9289002418518066
UK|GBP|listing_fee|revenue|hourly,2024-01-16 09:00:00+00:00,15,2.9701361656188965
UK|GBP|listing_fee|revenue|hourly,2024-01-16 09:00:00+00:00,16,2.519009828567505
UK|GBP|listing_fee|revenue|hourly,2024-01-16 09:00:00+00:00,17,2.7396178245544434
UK|GBP|listing_fee|revenue|hourly,2024-01-16 09:00:00+00:00,18,2.9123449325561523
UK|GBP|listing_fee|revenue|hourly,2024-01-16 09:00:00+00:00,19,2.726414680480957
UK|GBP|listing_fee|revenue|hourly,2024-01-16 09:00:00+00:00,20,2.919830799102783
UK|GBP|listing_fee|revenue|hourly,2024-01-16 09:00:00+00:00,21,3.0696799755096436
UK|GBP|listing_fee|revenue|hourly,2024-01-16 09:00:00+00:00,22,2.8874166011810303
UK|GBP|listing_fee|revenue|hourly,2024-01-16 09:00:00+00:00,23,2.7254812717437744
UK|GBP|listing_fee|revenue|hourly,2024-01-16 09:00:00+00:00,24,2.99300217628479
UK|GBP|payment_processing_fee|revenue|hourly,2024-01-16 09:00:00+00:00,1,12.702543258666992
UK|GBP|payment_processing_fee|revenue|hourly,2024-01-16 09:00:00+00:00,2,11.135393142700195
UK|GBP|payment_processing_fee|revenue|hourly,2024-01-16 09:00:00+00:00,3,12.831255912780762
UK|GBP|payment_processing_fee|revenue|hourly,2024-01-16 09:00:00+00:00,4,12.220821380615234
UK|GBP|payment_processing_fee|revenue|hourly,2024-01-16 09:00:00+00:00,5,11.910500526428223
UK|GBP|payment_processing_fee|revenue|hourly,2024-01-16 09:00:00+00:00,6,13.036811828613281
UK|GBP|payment_processing_fee|revenue|hourly,2024-01-16 09:00:00+00:00,7,11.623388290405273
UK|GBP|payment_processing_fee|revenue|hourly,2024-01-16 09:00:00+00:00,8,11.723654747009277
UK|GBP|payment_processing_fee|revenue|hourly,2024-01-16 09:00:00+00:00,9,12.774014472961426
UK|GBP|payment_processing_fee|revenue|hourly,2024-01-16 09:00:00+00:00,10,11.064851760864258
UK|GBP|payment_processing_fee|revenue|hourly,2024-01-16 09:00:00+00:00,11,11.792569160461426
UK|GBP|payment_processing_fee|revenue|hourly,2024-01-16 09:00:00+00:00,12,11.675312995910645
UK|GBP|payment_processing_fee|revenue|hourly,2024-01-16 09:00:00+00:00,13,12.386390686035156
UK|GBP|payment_processing_fee|revenue|hourly,2024-01-16 09:00:00+00:00,14,12.07973575592041
UK|GBP|payment_processing_fee|revenue|hourly,2024-01-16 09:00:00+00:00,15,12.227519035339355
UK|GBP|payment_processing_fee|revenue|hourly,2024-01-16 09:00:00+00:00,16,11.589738845825195
UK|GBP|payment_processing_fee|revenue|hourly,2024-01-16 09:00:00+00:00,17,11.785537719726562
UK|GBP|payment_processing_fee|revenue|hourly,2024-01-16 09:00:00+00:00,18,11.589142799377441
UK|GBP|payment_processing_fee|revenue|hourly,2024-01-16 09:00:00+00:00,19,12.09439468383789
UK|GBP|payment_processing_fee|revenue|hourly,2024-01-16 09:00:00+00:00,20,11.991373062133789
UK|GBP|payment_processing_fee|revenue|hourly,2024-01-16 09:00:00+00:00,21,12.16218090057373
UK|GBP|payment_processing_fee|revenue|hourly,2024-01-16 09:00:00+00:00,22,11.657803535461426
UK|GBP|payment_processing_fee|revenue|hourly,2024-01-16 09:00:00+00:00,23,11.666933059692383
UK|GBP|payment_processing_fee|revenue|hourly,2024-01-16 09:00:00+00:00,24,12.606037139892578
UK|USD|final_value_fee|revenue|hourly,2024-01-16 09:00:00+00:00,1,62.70142364501953
UK|USD|final_value_fee|revenue|hourly,2024-01-16 09:00:00+00:00,2,54.81071090698242
UK|USD|final_value_fee|revenue|hourly,2024-01-16 09:00:00+00:00,3,63.638797760009766
UK|USD|final_value_fee|revenue|hourly,2024-01-16 09:00:00+00:00,4,61.620880126953125
UK|USD|final_value_fee|revenue|hourly,2024-01-16 09:00:00+00:00,5,58.87249755859375
UK|USD|final_value_fee|revenue|hourly,2024-01-16 09:00:00+00:00,6,63.17818832397461
UK|USD|final_value_fee|revenue|hourly,2024-01-16 09:00:00+00:00,7,57.5296630859375
UK|USD|final_value_fee|revenue|hourly,2024-01-16 09:00:00+00:00,8,58.14942932128906
UK|USD|final_value_fee|revenue|hourly,2024-01-16 09:00:00+00:00,9,64.39190673828125
UK|USD|final_value_fee|revenue|hourly,2024-01-16 09:00:00+00:00,10,55.6707878112793
UK|USD|final_value_fee|revenue|hourly,2024-01-16 09:00:00+00:00,11,57.930660247802734
UK|USD|final_value_fee|revenue|hourly,2024-01-16 09:00:00+00:00,12,56.141910552978516
UK|USD|final_value_fee|revenue|hourly,2024-01-16 09:00:00+00:00,13,60.74808883666992
UK|USD|final_value_fee|revenue|hourly,2024-01-16 09:00:00+00:00,14,59.249488830566406
UK|USD|final_value_fee|revenue|hourly,2024-01-16 09:00:00+00:00,15,59.386268615722656
UK|USD|final_value_fee|revenue|hourly,2024-01-16 09:00:00+00:00,16,58.00293731689453
UK|USD|final_value_fee|revenue|hourly,2024-01-16 09:00:00+00:00,17,58.7566032409668
UK|USD|final_value_fee|revenue|hourly,2024-01-16 09:00:00+00:00,18,55.252220153808594
UK|USD|final_value_fee|revenue|hourly,2024-01-16 09:00:00+00:00,19,59.81737518310547
UK|USD|final_value_fee|revenue|hourly,2024-01-16 09:00:00+00:00,20,59.114986419677734
UK|USD|final_value_fee|revenue|hourly,2024-01-16 09:00:00+00:00,21,58.279396057128906
UK|USD|final_value_fee|revenue|hourly,2024-01-16 09:00:00+00:00,22,57.473052978515625
UK|USD|final_value_fee|revenue|hourly,2024-01-16 09:00:00+00:00,23,57.77305603027344
UK|USD|final_value_fee|revenue|hourly,2024-01-16 09:00:00+00:00,24,62.20543670654297
UK|USD|listing_fee|revenue|hourly,2024-01-16 09:00:00+00:00,1,3.5182271003723145
UK|USD|listing_fee|revenue|hourly,2024-01-16 09:00:00+00:00,2,3.170914649963379
UK|USD|listing_fee|revenue|hourly,2024-01-16 09:00:00+00:00,3,3.7084145545959473
UK|USD|listing_fee|revenue|hourly,2024-01-16 09:00:00+00:00,4,3.322150468826294
UK|USD|listing_fee|revenue|hourly,2024-01-16 09:00:00+00:00,5,3.4463741779327393
UK|USD|listing_fee|revenue|hourly,2024-01-16 09:00:00+00:00,6,3.884575843811035
UK|USD|listing_fee|revenue|hourly,2024-01-16 09:00:00+00:00,7,3.319063901901245
UK|USD|listing_fee|revenue|hourly,2024-01-16 09:00:00+00:00,8,3.2946865558624268
UK|USD|listing_fee|revenue|hourly,2024-01-16 09:00:00+00:00,9,3.5166680812835693
UK|USD|listing_fee|revenue|hourly,2024-01-16 09:00:00+00:00,10,3.1922855377197266
UK|USD|listing_fee|revenue|hourly,2024-01-16 09:00:00+00:00,11,3.419633388519287
UK|USD|listing_fee|revenue|hourly,2024-01-16 09:00:00+00:00,12,3.516627550125122
UK|USD|listing_fee|revenue|hourly,2024-01-16 09:00:00+00:00,13,3.6332173347473145
UK|USD|listing_fee|revenue|hourly,2024-01-16 09:00:00+00:00,14,3.5591201782226562
UK|USD|listing_fee|revenue|hourly,2024-01-16 09:00:00+00:00,15,3.61531925201416
UK|USD|listing_fee|revenue|hourly,2024-01-16 09:00:00+00:00,16,3.087324619293213
UK|USD|listing_fee|revenue|hourly,2024-01-16 09:00:00+00:00,17,3.3778626918792725
UK|USD|listing_fee|revenue|hourly,2024-01-16 09:00:00+00:00,18,3.501150131225586
UK|USD|listing_fee|revenue|hourly,2024-01-16 09:00:00+00:00,19,3.3557827472686768
UK|USD|listing_fee|revenue|hourly,2024-01-16 09:00:00+00:00,20,3.522881507873535
UK|USD|listing_fee|revenue|hourly,2024-01-16 09:00:00+00:00,21,3.660043239593506
UK|USD|listing_fee|revenue|hourly,2024-01-16 09:00:00+00:00,22,3.492032051086426
UK|USD|listing_fee|revenue|hourly,2024-01-16 09:00:00+00:00,23,3.32940673828125
UK|USD|listing_fee|revenue|hourly,2024-01-16 09:00:00+00:00,24,3.6640286445617676
UK|USD|payment_processing_fee|revenue|hourly,2024-01-16 09:00:00+00:00,1,14.220187187194824
UK|USD|payment_processing_fee|revenue|hourly,2024-01-16 09:00:00+00:00,2,12.459192276000977
UK|USD|payment_processing_fee|revenue|hourly,2024-01-16 09:00:00+00:00,3,14.580156326293945
UK|USD|payment_processing_fee|revenue|hourly,2024-01-16 09:00:00+00:00,4,13.920166969299316
UK|USD|payment_processing_fee|revenue|hourly,2024-01-16 09:00:00+00:00,5,13.390233039855957
UK|USD|payment_processing_fee|revenue|hourly,2024-01-16 09:00:00+00:00,6,14.659466743469238
UK|USD|payment_processing_fee|revenue|hourly,2024-01-16 09:00:00+00:00,7,13.164807319641113
UK|USD|payment_processing_fee|revenue|hourly,2024-01-16 09:00:00+00:00,8,13.319286346435547
UK|USD|payment_processing_fee|revenue|hourly,2024-01-16 09:00:00+00:00,9,14.478560447692871
UK|USD|payment_processing_fee|revenue|hourly,2024-01-16 09:00:00+00:00,10,12.65498161315918
UK|USD|payment_processing_fee|revenue|hourly,2024-01-16 09:00:00+00:00,11,13.348645210266113
UK|USD|payment_processing_fee|revenue|hourly,2024-01-16 09:00:00+00:00,12,13.008731842041016
UK|USD|payment_processing_fee|revenue|hourly,2024-01-16 09:00:00+00:00,13,13.91177749633789
UK|USD|payment_processing_fee|revenue|hourly,2024-01-16 09:00:00+00:00,14,13.723058700561523
UK|USD|payment_processing_fee|revenue|hourly,2024-01-16 09:00:00+00:00,15,13.681267738342285
UK|USD|payment_processing_fee|revenue|hourly,2024-01-16 09:00:00+00:00,16,12.95883846282959
UK|USD|payment_processing_fee|revenue|hourly,2024-01-16 09:00:00+00:00,17,13.426435470581055
UK|USD|payment_processing_fee|revenue|hourly,2024-01-16 09:00:00+00:00,18,12.890658378601074
UK|USD|payment_processing_fee|revenue|hourly,2024-01-16 09:00:00+00:00,19,13.586870193481445
UK|USD|payment_processing_fee|revenue|hourly,2024-01-16 09:00:00+00:00,20,13.662063598632812
UK|USD|payment_processing_fee|revenue|hourly,2024-01-16 09:00:00+00:00,21,13.51582145690918
UK|USD|payment_processing_fee|revenue|hourly,2024-01-16 09:00:00+00:00,22,13.189046859741211
UK|USD|payment_processing_fee|revenue|hourly,2024-01-16 09:00:00+00:00,23,13.034000396728516
UK|USD|payment_processing_fee|revenue|hourly,2024-01-16 09:00:00+00:00,24,14.251052856445312
US|EUR|final_value_fee|revenue|hourly,2024-01-16 09:00:00+00:00,1,47.4384880065918
US|EUR|final_value_fee|revenue|hourly,2024-01-16 09:00:00+00:00,2,41.52351760864258
US|EUR|final_value_fee|revenue|hourly,2024-01-16 09:00:00+00:00,3,47.828426361083984
US|EUR|final_value_fee|revenue|hourly,2024-01-16 09:00:00+00:00,4,46.979103088378906
US|EUR|final_value_fee|revenue|hourly,2024-01-16 09:00:00+00:00,5,43.95204544067383
US|EUR|final_value_fee|revenue|hourly,2024-01-16 09:00:00+00:00,6,48.00578689575195
US|EUR|final_value_fee|revenue|hourly,2024-01-16 09:00:00+00:00,7,43.61471176147461
US|EUR|final_value_fee|revenue|hourly,2024-01-16 09:00:00+00:00,8,44.11167907714844
US|EUR|final_value_fee|revenue|hourly,2024-01-16 09:00:00+00:00,9,48.45451354980469
US|EUR|final_value_fee|revenue|hourly,2024-01-16 09:00:00+00:00,10,42.07387161254883
US|EUR|final_value_fee|revenue|hourly,2024-01-16 09:00:00+00:00,11,44.209014892578125
US|EUR|final_value_fee|revenue|hourly,2024-01-16 09:00:00+00:00,12,42.747615814208984
US|EUR|final_value_fee|revenue|hourly,2024-01-16 09:00:00+00:00,13,45.60945129394531
US|EUR|final_value_fee|revenue|hourly,2024-01-16 09:00:00+00:00,14,45.44438171386719
US|EUR|final_value_fee|revenue|hourly,2024-01-16 09:00:00+00:00,15,45.128273010253906
US|EUR|final_value_fee|revenue|hourly,2024-01-16 09:00:00+00:00,16,43.932037353515625
US|EUR|final_value_fee|revenue|hourly,2024-01-16 09:00:00+00:00,17,44.781715393066406
US|EUR|final_value_fee|revenue|hourly,2024-01-16 09:00:00+00:00,18,41.700687408447266
US|EUR|final_value_fee|revenue|hourly,2024-01-16 09:00:00+00:00,19,45.201560974121094
US|EUR|final_value_fee|revenue|hourly,2024-01-16 09:00:00+00:00,20,44.94272994995117
US|EUR|final_value_fee|revenue|hourly,2024-01-16 09:00:00+00:00,21,44.28640365600586
US|EUR|final_value_fee|revenue|hourly,2024-01-16 09:00:00+00:00,22,43.48963928222656
US|EUR|final_value_fee|revenue|hourly,2024-01-16 09:00:00+00:00,23,43.575035095214844
US|EUR|final_value_fee|revenue|hourly,2024-01-16 09:00:00+00:00,24,46.85814666748047
US|EUR|listing_fee|revenue|hourly,2024-01-16 09:00:00+00:00,1,3.7158114910125732
US|EUR|listing_fee|revenue|hourly,2024-01-16 09:00:00+00:00,2,3.2642006874084473
US|EUR|listing_fee|revenue|hourly,2024-01-16 09:00:00+00:00,3,3.7292728424072266
US|EUR|listing_fee|revenue|hourly,2024-01-16 09:00:00+00:00,4,3.9551427364349365
US|EUR|listing_fee|revenue|hourly,2024-01-16 09:00:00+00:00,5,3.6310551166534424
US|EUR|listing_fee|revenue|hourly,2024-01-16 09:00:00+00:00,6,4.137145519256592
US|EUR|listing_fee|revenue|hourly,2024-01-16 09:00:00+00:00,7,3.7963459491729736
US|EUR|listing_fee|revenue|hourly,2024-01-16 09:00:00+00:00,8,3.275327205657959
US|EUR|listing_fee|revenue|hourly,2024-01-16 09:00:00+00:00,9,3.7214272022247314
US|EUR|listing_fee|revenue|hourly,2024-01-16 09:00:00+00:00,10,3.4861576557159424
US|EUR|listing_fee|revenue|hourly,2024-01-16 09:00:00+00:00,11,3.9621074199676514
US|EUR|listing_fee|revenue|hourly,2024-01-16 09:00:00+00:00,12,3.7744908332824707
US|EUR|listing_fee|revenue|hourly,2024-01-16 09:00:00+00:00,13,3.795409917831421
US|EUR|listing_fee|revenue|hourly,2024-01-16 09:00:00+00:00,14,3.9110403060913086
US|EUR|listing_fee|revenue|hourly,2024-01-16 09:00:00+00:00,15,3.884223699569702
US|EUR|listing_fee|revenue|hourly,2024-01-16 09:00:00+00:00,16,3.297461748123169
US|EUR|listing_fee|revenue|hourly,2024-01-16 09:00:00+00:00,17,3.6348836421966553
US|EUR|listing_fee|revenue|hourly,2024-01-16 09:00:00+00:00,18,3.351750373840332
US|EUR|listing_fee|revenue|hourly,2024-01-16 09:00:00+00:00,19,3.638227701187134
US|EUR|listing_fee|revenue|hourly,2024-01-16 09:00:00+00:00,20,3.9670796394348145
US|EUR|listing_fee|revenue|hourly,2024-01-16 09:00:00+00:00,21,4.04044246673584
US|EUR|listing_fee|revenue|hourly,2024-01-16 09:00:00+00:00,22,3.7084007263183594
US|EUR|listing_fee|revenue|hourly,2024-01-16 09:00:00+00:00,23,3.379042625427246
US|EUR|listing_fee|revenue|hourly,2024-01-16 09:00:00+00:00,24,4.026620864868164
US|EUR|payment_processing_fee|revenue|hourly,2024-01-16 09:00:00+00:00,1,11.249560356140137
US|EUR|payment_processing_fee|revenue|hourly,2024-01-16 09:00:00+00:00,2,10.06511116027832
US|EUR|payment_processing_fee|revenue|hourly,2024-01-16 09:00:00+00:00,3,11.135704040527344
US|EUR|payment_processing_fee|revenue|hourly,2024-01-16 09:00:00+00:00,4,11.216278076171875
US|EUR|payment_processing_fee|revenue|hourly,2024-01-16 09:00:00+00:00,5,10.521977424621582
US|EUR|payment_processing_fee|revenue|hourly,2024-01-16 09:00:00+00:00,6,11.798055648803711
US|EUR|payment_processing_fee|revenue|hourly,2024-01-16 09:00:00+00:00,7,10.592021942138672
US|EUR|payment_processing_fee|revenue|hourly,2024-01-16 09:00:00+00:00,8,10.454712867736816
US|EUR|payment_processing_fee|revenue|hourly,2024-01-16 09:00:00+00:00,9,11.441457748413086
US|EUR|payment_processing_fee|revenue|hourly,2024-01-16 09:00:00+00:00,10,10.171883583068848
US|EUR|payment_processing_fee|revenue|hourly,2024-01-16 09:00:00+00:00,11,10.838929176330566
US|EUR|payment_processing_fee|revenue|hourly,2024-01-16 09:00:00+00:00,12,10.661859512329102
US|EUR|payment_processing_fee|revenue|hourly,2024-01-16 09:00:00+00:00,13,10.973995208740234
US|EUR|payment_processing_fee|revenue|hourly,2024-01-16 09:00:00+00:00,14,11.132161140441895
US|EUR|payment_processing_fee|revenue|hourly,2024-01-16 09:00:00+00:00,15,11.119959831237793
US|EUR|payment_processing_fee|revenue|hourly,2024-01-16 09:00:00+00:00,16,10.393933296203613
US|EUR|payment_processing_fee|revenue|hourly,2024-01-16 09:00:00+00:00,17,10.773316383361816
US|EUR|payment_processing_fee|revenue|hourly,2024-01-16 09:00:00+00:00,18,10.090361595153809
US|EUR|payment_processing_fee|revenue|hourly,2024-01-16 09:00:00+00:00,19,10.851579666137695
US|EUR|payment_processing_fee|revenue|hourly,2024-01-16 09:00:00+00:00,20,11.002691268920898
US|EUR|payment_processing_fee|revenue|hourly,2024-01-16 09:00:00+00:00,21,11.023493766784668
US|EUR|payment_processing_fee|revenue|hourly,2024-01-16 09:00:00+00:00,22,10.535672187805176
US|EUR|payment_processing_fee|revenue|hourly,2024-01-16 09:00:00+00:00,23,10.350679397583008
US|EUR|payment_processing_fee|revenue|hourly,2024-01-16 09:00:00+00:00,24,11.490201950073242
US|GBP|final_value_fee|revenue|hourly,2024-01-16 09:00:00+00:00,1,61.49443435668945
US|GBP|final_value_fee|revenue|hourly,2024-01-16 09:00:00+00:00,2,53.839439392089844
US|GBP|final_value_fee|revenue|hourly,2024-01-16 09:00:00+00:00,3,61.84880447387695
US|GBP|final_value_fee|revenue|hourly,2024-01-16 09:00:00+00:00,4,60.170326232910156
US|GBP|final_value_fee|revenue|hourly,2024-01-16 09:00:00+00:00,5,57.096656799316406
US|GBP|final_value_fee|revenue|hourly,2024-01-16 09:00:00+00:00,6,62.00662612915039
US|GBP|final_value_fee|revenue|hourly,2024-01-16 09:00:00+00:00,7,56.20408248901367
US|GBP|final_value_fee|revenue|hourly,2024-01-16 09:00:00+00:00,8,57.47733688354492
US|GBP|final_value_fee|revenue|hourly,2024-01-16 09:00:00+00:00,9,62.889766693115234
US|GBP|final_value_fee|revenue|hourly,2024-01-16 09:00:00+00:00,10,54.46486282348633
US|GBP|final_value_fee|revenue|hourly,2024-01-16 09:00:00+00:00,11,56.87419509887695
US|GBP|final_value_fee|revenue|hourly,2024-01-16 09:00:00+00:00,12,55.1844482421875
US|GBP|final_value_fee|revenue|hourly,2024-01-16 09:00:00+00:00,13,59.03230667114258
US|GBP|final_value_fee|revenue|hourly,2024-01-16 09:00:00+00:00,14,58.355934143066406
US|GBP|final_value_fee|revenue|hourly,2024-01-16 09:00:00+00:00,15,58.18968200683594
US|GBP|final_value_fee|revenue|hourly,2024-01-16 09:00:00+00:00,16,56.873329162597656
US|GBP|final_value_fee|revenue|hourly,2024-01-16 09:00:00+00:00,17,57.61283874511719
US|GBP|final_value_fee|revenue|hourly,2024-01-16 09:00:00+00:00,18,54.30976486206055
US|GBP|final_value_fee|revenue|hourly,2024-01-16 09:00:00+00:00,19,58.70680236816406
US|GBP|final_value_fee|revenue|hourly,2024-01-16 09:00:00+00:00,20,58.14519119262695
US|GBP|final_value_fee|revenue|hourly,2024-01-16 09:00:00+00:00,21,57.08631134033203
US|GBP|final_value_fee|revenue|hourly,2024-01-16 09:00:00+00:00,22,55.62761688232422
US|GBP|final_value_fee|revenue|hourly,2024-01-16 09:00:00+00:00,23,55.987571716308594
US|GBP|final_value_fee|revenue|hourly,2024-01-16 09:00:00+00:00,24,61.27033615112305
US|GBP|listing_fee|revenue|hourly,2024-01-16 09:00:00+00:00,1,3.819291591644287
US|GBP|listing_fee|revenue|hourly,2024-01-16 09:00:00+00:00,2,3.3679494857788086
US|GBP|listing_fee|revenue|hourly,2024-01-16 09:00:00+00:00,3,3.897843360900879
US|GBP|listing_fee|revenue|hourly,2024-01-16 09:00:00+00:00,4,4.118398666381836
US|GBP|listing_fee|revenue|hourly,2024-01-16 09:00:00+00:00,5,3.7657532691955566
US|GBP|listing_fee|revenue|hourly,2024-01-16 09:00:00+00:00,6,4.292143821716309
US|GBP|listing_fee|revenue|hourly,2024-01-16 09:00:00+00:00,7,3.9326865673065186
US|GBP|listing_fee|revenue|hourly,2024-01-16 09:00:00+00:00,8,3.3744149208068848
US|GBP|listing_fee|revenue|hourly,2024-01-16 09:00:00+00:00,9,3.892388343811035
US|GBP|listing_fee|revenue|hourly,2024-01-16 09:00:00+00:00,10,3.604835033416748
US|GBP|listing_fee|revenue|hourly,2024-01-16 09:00:00+00:00,11,4.108330726623535
US|GBP|listing_fee|revenue|hourly,2024-01-16 09:00:00+00:00,12,3.8671011924743652
US|GBP|listing_fee|revenue|hourly,2024-01-16 09:00:00+00:00,13,3.9357595443725586
US|GBP|listing_fee|revenue|hourly,2024-01-16 09:00:00+00:00,14,4.04856538772583
US|GBP|listing_fee|revenue|hourly,2024-01-16 09:00:00+00:00,15,4.02651834487915
US|GBP|listing_fee|revenue|hourly,2024-01-16 09:00:00+00:00,16,3.3843581676483154
US|GBP|listing_fee|revenue|hourly,2024-01-16 09:00:00+00:00,17,3.7861268520355225
US|GBP|listing_fee|revenue|hourly,2024-01-16 09:00:00+00:00,18,3.441610336303711
US|GBP|listing_fee|revenue|hourly,2024-01-16 09:00:00+00:00,19,3.7728826999664307
US|GBP|listing_fee|revenue|hourly,2024-01-16 09:00:00+00:00,20,4.106680870056152
US|GBP|listing_fee|revenue|hourly,2024-01-16 09:00:00+00:00,21,4.151187896728516
US|GBP|listing_fee|revenue|hourly,2024-01-16 09:00:00+00:00,22,3.87351131439209
US|GBP|listing_fee|revenue|hourly,2024-01-16 09:00:00+00:00,23,3.5191903114318848
US|GBP|listing_fee|revenue|hourly,2024-01-16 09:00:00+00:00,24,4.13767147064209
US|GBP|payment_processing_fee|revenue|hourly,2024-01-16 09:00:00+00:00,1,13.146742820739746
US|GBP|payment_processing_fee|revenue|hourly,2024-01-16 09:00:00+00:00,2,11.748905181884766
US|GBP|payment_processing_fee|revenue|hourly,2024-01-16 09:00:00+00:00,3,13.168038368225098
US|GBP|payment_processing_fee|revenue|hourly,2024-01-16 09:00:00+00:00,4,13.244894027709961
US|GBP|payment_processing_fee|revenue|hourly,2024-01-16 09:00:00+00:00,5,12.411877632141113
US|GBP|payment_processing_fee|revenue|hourly,2024-01-16 09:00:00+00:00,6,13.875932693481445
US|GBP|payment_processing_fee|revenue|hourly,2024-01-16 09:00:00+00:00,7,12.400554656982422
US|GBP|payment_processing_fee|revenue|hourly,2024-01-16 09:00:00+00:00,8,12.196401596069336
US|GBP|payment_processing_fee|revenue|hourly,2024-01-16 09:00:00+00:00,9,13.461567878723145
US|GBP|payment_processing_fee|revenue|hourly,2024-01-16 09:00:00+00:00,10,11.788379669189453
US|GBP|payment_processing_fee|revenue|hourly,2024-01-16 09:00:00+00:00,11,12.727282524108887
US|GBP|payment_processing_fee|revenue|hourly,2024-01-16 09:00:00+00:00,12,12.38177490234375
US|GBP|payment_processing_fee|revenue|hourly,2024-01-16 09:00:00+00:00,13,12.878395080566406
US|GBP|payment_processing_fee|revenue|hourly,2024-01-16 09:00:00+00:00,14,13.060924530029297
US|GBP|payment_processing_fee|revenue|hourly,2024-01-16 09:00:00+00:00,15,13.096672058105469
US|GBP|payment_processing_fee|revenue|hourly,2024-01-16 09:00:00+00:00,16,12.142552375793457
US|GBP|payment_processing_fee|revenue|hourly,2024-01-16 09:00:00+00:00,17,12.678876876831055
US|GBP|payment_processing_fee|revenue|hourly,2024-01-16 09:00:00+00:00,18,11.743681907653809
US|GBP|payment_processing_fee|revenue|hourly,2024-01-16 09:00:00+00:00,19,12.789100646972656
US|GBP|payment_processing_fee|revenue|hourly,2024-01-16 09:00:00+00:00,20,12.86087703704834
US|GBP|payment_processing_fee|revenue|hourly,2024-01-16 09:00:00+00:00,21,13.02224063873291
US|GBP|payment_processing_fee|revenue|hourly,2024-01-16 09:00:00+00:00,22,12.519168853759766
US|GBP|payment_processing_fee|revenue|hourly,2024-01-16 09:00:00+00:00,23,12.262179374694824
US|GBP|payment_processing_fee|revenue|hourly,2024-01-16 09:00:00+00:00,24,13.373031616210938
US|USD|final_value_fee|revenue|hourly,2024-01-16 09:00:00+00:00,1,59.32091522216797
US|USD|final_value_fee|revenue|hourly,2024-01-16 09:00:00+00:00,2,52.26374053955078
US|USD|final_value_fee|revenue|hourly,2024-01-16 09:00:00+00:00,3,59.537837982177734
US|USD|final_value_fee|revenue|hourly,2024-01-16 09:00:00+00:00,4,58.261573791503906
US|USD|final_value_fee|revenue|hourly,2024-01-16 09:00:00+00:00,5,55.604278564453125
US|USD|final_value_fee|revenue|hourly,2024-01-16 09:00:00+00:00,6,60.15868377685547
US|USD|final_value_fee|revenue|hourly,2024-01-16 09:00:00+00:00,7,54.33149337768555
US|USD|final_value_fee|revenue|hourly,2024-01-16 09:00:00+00:00,8,55.65348815917969
US|USD|final_value_fee|revenue|hourly,2024-01-16 09:00:00+00:00,9,60.69111633300781
US|USD|final_value_fee|revenue|hourly,2024-01-16 09:00:00+00:00,10,52.797386169433594
US|USD|final_value_fee|revenue|hourly,2024-01-16 09:00:00+00:00,11,54.842445373535156
US|USD|final_value_fee|revenue|hourly,2024-01-16 09:00:00+00:00,12,53.787193298339844
US|USD|final_value_fee|revenue|hourly,2024-01-16 09:00:00+00:00,13,57.46099090576172
US|USD|final_value_fee|revenue|hourly,2024-01-16 09:00:00+00:00,14,56.734046936035156
US|USD|final_value_fee|revenue|hourly,2024-01-16 09:00:00+00:00,15,57.033203125
US|USD|final_value_fee|revenue|hourly,2024-01-16 09:00:00+00:00,16,55.07447814941406
US|USD|final_value_fee|revenue|hourly,2024-01-16 09:00:00+00:00,17,56.09397506713867
US|USD|final_value_fee|revenue|hourly,2024-01-16 09:00:00+00:00,18,52.54683303833008
US|USD|final_value_fee|revenue|hourly,2024-01-16 09:00:00+00:00,19,56.883487701416016
US|USD|final_value_fee|revenue|hourly,2024-01-16 09:00:00+00:00,20,55.81637191772461
US|USD|final_value_fee|revenue|hourly,2024-01-16 09:00:00+00:00,21,55.69771957397461
US|USD|final_value_fee|revenue|hourly,2024-01-16 09:00:00+00:00,22,54.77849197387695
US|USD|final_value_fee|revenue|hourly,2024-01-16 09:00:00+00:00,23,54.92666244506836
US|USD|final_value_fee|revenue|hourly,2024-01-16 09:00:00+00:00,24,59.514095306396484
US|USD|listing_fee|revenue|hourly,2024-01-16 09:00:00+00:00,1,4.089346885681152
US|USD|listing_fee|revenue|hourly,2024-01-16 09:00:00+00:00,2,3.6047825813293457
US|USD|listing_fee|revenue|hourly,2024-01-16 09:00:00+00:00,3,4.09179162979126
US|USD|listing_fee|revenue|hourly,2024-01-16 09:00:00+00:00,4,4.269184589385986
US|USD|listing_fee|revenue|hourly,2024-01-16 09:00:00+00:00,5,3.981804370880127
US|USD|listing_fee|revenue|hourly,2024-01-16 09:00:00+00:00,6,4.507989406585693
US|USD|listing_fee|revenue|hourly,2024-01-16 09:00:00+00:00,7,4.114011764526367
US|USD|listing_fee|revenue|hourly,2024-01-16 09:00:00+00:00,8,3.631929636001587
US|USD|listing_fee|revenue|hourly,2024-01-16 09:00:00+00:00,9,4.111791610717773
US|USD|listing_fee|revenue|hourly,2024-01-16 09:00:00+00:00,10,3.815725803375244
US|USD|listing_fee|revenue|hourly,2024-01-16 09:00:00+00:00,11,4.277705192565918
US|USD|listing_fee|revenue|hourly,2024-01-16 09:00:00+00:00,12,4.119925022125244
US|USD|listing_fee|revenue|hourly,2024-01-16 09:00:00+00:00,13,4.1614813804626465
US|USD|listing_fee|revenue|hourly,2024-01-16 09:00:00+00:00,14,4.2199015617370605
US|USD|listing_fee|revenue|hourly,2024-01-16 09:00:00+00:00,15,4.2433905601501465
US|USD|listing_fee|revenue|hourly,2024-01-16 09:00:00+00:00,16,3.629615068435669
US|USD|listing_fee|revenue|hourly,2024-01-16 09:00:00+00:00,17,3.9642975330352783
US|USD|listing_fee|revenue|hourly,2024-01-16 09:00:00+00:00,18,3.7032995223999023
US|USD|listing_fee|revenue|hourly,2024-01-16 09:00:00+00:00,19,3.9966142177581787
US|USD|listing_fee|revenue|hourly,2024-01-16 09:00:00+00:00,20,4.305954933166504
US|USD|listing_fee|revenue|hourly,2024-01-16 09:00:00+00:00,21,4.3646440505981445
US|USD|listing_fee|revenue|hourly,2024-01-16 09:00:00+00:00,22,4.012233734130859
US|USD|listing_fee|revenue|hourly,2024-01-16 09:00:00+00:00,23,3.7212178707122803
US|USD|listing_fee|revenue|hourly,2024-01-16 09:00:00+00:00,24,4.4218525886535645
US|USD|payment_processing_fee|revenue|hourly,2024-01-16 09:00:00+00:00,1,10.475154876708984
US|USD|payment_processing_fee|revenue|hourly,2024-01-16 09:00:00+00:00,2,9.366904258728027
US|USD|payment_processing_fee|revenue|hourly,2024-01-16 09:00:00+00:00,3,10.464630126953125
US|USD|payment_processing_fee|revenue|hourly,2024-01-16 09:00:00+00:00,4,10.539345741271973
US|USD|payment_processing_fee|revenue|hourly,2024-01-16 09:00:00+00:00,5,9.914660453796387
US|USD|payment_processing_fee|revenue|hourly,2024-01-16 09:00:00+00:00,6,11.119131088256836
US|USD|payment_processing_fee|revenue|hourly,2024-01-16 09:00:00+00:00,7,9.935815811157227
US|USD|payment_processing_fee|revenue|hourly,2024-01-16 09:00:00+00:00,8,9.742263793945312
US|USD|payment_processing_fee|revenue|hourly,2024-01-16 09:00:00+00:00,9,10.712389945983887
US|USD|payment_processing_fee|revenue|hourly,2024-01-16 09:00:00+00:00,10,9.459667205810547
US|USD|payment_processing_fee|revenue|hourly,2024-01-16 09:00:00+00:00,11,10.20993709564209
US|USD|payment_processing_fee|revenue|hourly,2024-01-16 09:00:00+00:00,12,9.98208999633789
US|USD|payment_processing_fee|revenue|hourly,2024-01-16 09:00:00+00:00,13,10.261880874633789
US|USD|payment_processing_fee|revenue|hourly,2024-01-16 09:00:00+00:00,14,10.44333267211914
US|USD|payment_processing_fee|revenue|hourly,2024-01-16 09:00:00+00:00,15,10.44368839263916
US|USD|payment_processing_fee|revenue|hourly,2024-01-16 09:00:00+00:00,16,9.619681358337402
US|USD|payment_processing_fee|revenue|hourly,2024-01-16 09:00:00+00:00,17,10.091218948364258
US|USD|payment_processing_fee|revenue|hourly,2024-01-16 09:00:00+00:00,18,9.36793327331543
US|USD|payment_processing_fee|revenue|hourly,2024-01-16 09:00:00+00:00,19,10.224746704101562
US|USD|payment_processing_fee|revenue|hourly,2024-01-16 09:00:00+00:00,20,10.442498207092285
US|USD|payment_processing_fee|revenue|hourly,2024-01-16 09:00:00+00:00,21,10.45484447479248
US|USD|payment_processing_fee|revenue|hourly,2024-01-16 09:00:00+00:00,22,9.912303924560547
US|USD|payment_processing_fee|revenue|hourly,2024-01-16 09:00:00+00:00,23,9.699167251586914
US|USD|payment_processing_fee|revenue|hourly,2024-01-16 09:00:00+00:00,24,10.809517860412598
